line	name	similarity_score
988	Αἵμων	0.05228787452803376
988	Εὐρυδίκη	0.0
988	Κρέων	0.024082399653118494
988	Τειρεσίας	0.26478174818886374
988	Φύλαξ	0.09067672663444153
988	Χορός	0.03740351817937039
988	Ἀντιγόνη	0.13637082096952174
988	Ἄγγελος	0.030102999566398118
988	Ἐξάγγελος	0.04436974992327128
988	Ἰσμήνη	0.05228787452803375
989	Αἵμων	0.054812773255588414
989	Εὐρυδίκη	0.0065367843658107345
989	Κρέων	0.15897985820349644
989	Τειρεσίας	0.28983907342225457
989	Φύλαξ	0.09731511293948195
989	Χορός	0.07923410569629583
989	Ἀντιγόνη	0.09936770480863481
989	Ἄγγελος	0.04827598888977768
989	Ἐξάγγελος	0.0
989	Ἰσμήνη	0.060599663767596304
990	Αἵμων	0.05814600780483385
990	Εὐρυδίκη	0.0
990	Κρέων	0.21930567052086558
990	Τειρεσίας	0.5412435792622434
990	Φύλαξ	0.09284932993886998
990	Χορός	0.14282177853713038
990	Ἀντιγόνη	0.1521573584136491
990	Ἄγγελος	0.050362394598759914
990	Ἐξάγγελος	0.0
990	Ἰσμήνη	0.08912639980198248
992	Αἵμων	0.06863623584101271
992	Εὐρυδίκη	0.0065367843658107345
992	Κρέων	0.1028925216791847
992	Τειρεσίας	0.21426614922484527
992	Φύλαξ	0.04208410870805731
992	Χορός	0.04892785607324721
992	Ἀντιγόνη	0.1211458602987202
992	Ἄγγελος	0.019610353097432205
992	Ἐξάγγελος	0.006536784365810735
992	Ἰσμήνη	0.03595231401195904
994	Αἵμων	0.025816993330957192
994	Εὐρυδίκη	0.08714645754672293
994	Κρέων	0.1275717781924582
994	Τειρεσίας	0.37426738093543055
994	Φύλαξ	0.07861321864335924
994	Χορός	0.06591150373981938
994	Ἀντιγόνη	0.03243829819614126
994	Ἄγγελος	0.046070164054815066
994	Ἐξάγγελος	0.0
994	Ἰσμήνη	0.012908496665478596
996	Αἵμων	0.013865546851022273
996	Εὐρυδίκη	0.0
996	Κρέων	0.1145680888086629
996	Τειρεσίας	0.27333063609328706
996	Φύλαξ	0.027309555124245127
996	Χορός	0.13503733369827434
996	Ἀντιγόνη	0.05094158812163666
996	Ἄγγελος	0.0473101219571066
996	Ἐξάγγελος	0.0
996	Ἰσμήνη	0.07691391712024133
998	Αἵμων	0.0
998	Εὐρυδίκη	0.0
998	Κρέων	0.06655462488490692
998	Τειρεσίας	0.3016490631906995
998	Φύλαξ	0.08134089235591851
998	Χορός	0.020833333333333332
998	Ἀντιγόνη	0.06968661883128
998	Ἄγγελος	0.01848739580136303
998	Ἐξάγγελος	0.0
998	Ἰσμήνη	0.018487395801363028
999	Αἵμων	0.06124768655924947
999	Εὐρυδίκη	0.00915149811213503
999	Κρέων	0.07603270302567507
999	Τειρεσίας	0.4031425254989049
999	Φύλαξ	0.09669425587138308
999	Χορός	0.07214519245834967
999	Ἀντιγόνη	0.06545733943787684
999	Ἄγγελος	0.08307658044426307
999	Ἐξάγγελος	0.0
999	Ἰσμήνη	0.02287874528033757
1000	Αἵμων	0.1282446562961777
1000	Εὐρυδίκη	0.0352024201581562
1000	Κρέων	0.19110764547757284
1000	Τειρεσίας	0.2814292537517437
1000	Φύλαξ	0.1115157956818828
1000	Χορός	0.03970904102330558
1000	Ἀντιγόνη	0.1290563998621824
1000	Ἄγγελος	0.02614713746324294
1000	Ἐξάγγελος	0.0
1000	Ἰσμήνη	0.029415529646148308
1001	Αἵμων	0.030102999566398118
1001	Εὐρυδίκη	0.13979400086720375
1001	Κρέων	0.0
1001	Τειρεσίας	0.2698970004336019
1001	Φύλαξ	0.028466172096330348
1001	Χορός	0.0
1001	Ἀντιγόνη	0.018911769934150748
1001	Ἄγγελος	0.07958800173440753
1001	Ἐξάγγελος	0.0
1001	Ἰσμήνη	0.030102999566398114
1002	Αἵμων	0.0
1002	Εὐρυδίκη	0.0
1002	Κρέων	0.0
1002	Τειρεσίας	0.33737125054200234
1002	Φύλαξ	0.0
1002	Χορός	0.03125
1002	Ἀντιγόνη	0.0
1002	Ἄγγελος	0.0
1002	Ἐξάγγελος	0.0
1002	Ἰσμήνη	0.0
1003	Αἵμων	0.055012601413530246
1003	Εὐρυδίκη	0.0
1003	Κρέων	0.03878278710432632
1003	Τειρεσίας	0.2837398926549214
1003	Φύλαξ	0.05530503522946302
1003	Χορός	0.020457552844194534
1003	Ἀντιγόνη	0.0239553961042667
1003	Ἄγγελος	0.015252496853558383
1003	Ἐξάγγελος	0.0076262484267791905
1003	Ἰσμήνη	0.015252496853558381
1004	Αἵμων	0.09478337330425565
1004	Εὐρυδίκη	0.019610353097432205
1004	Κρέων	0.1697296920029934
1004	Τειρεσίας	0.3388895417174663
1004	Φύλαξ	0.12491305235168401
1004	Χορός	0.03857709964905256
1004	Ἀντιγόνη	0.09445270463968015
1004	Ἄγγελος	0.09291114891512964
1004	Ἐξάγγελος	0.0
1004	Ἰσμήνη	0.05556266710939125
1005	Αἵμων	0.030102999566398118
1005	Εὐρυδίκη	0.10457574905606751
1005	Κρέων	0.044997549464332
1005	Τειρεσίας	0.2346787486224656
1005	Φύλαξ	0.11787469216608007
1005	Χορός	0.010766913951834827
1005	Ἀντιγόνη	0.032849093700406756
1005	Ἄγγελος	0.0
1005	Ἐξάγγελος	0.0
1005	Ἰσμήνη	0.0
1006	Αἵμων	0.0
1006	Εὐρυδίκη	0.0
1006	Κρέων	0.09913725439087563
1006	Τειρεσίας	0.49381856842219646
1006	Φύλαξ	0.0943229205902451
1006	Χορός	0.0720247459591483
1006	Ἀντιγόνη	0.04865744729421189
1006	Ἄγγελος	0.030980391997148637
1006	Ἐξάγγελος	0.0
1006	Ἰσμήνη	0.030980391997148627
1007	Αἵμων	0.04957061477406474
1007	Εὐρυδίκη	0.015252496853558381
1007	Κρέων	0.09927873859608145
1007	Τειρεσίας	0.3255556197271808
1007	Φύλαξ	0.040915105688389054
1007	Χορός	0.12704489517105066
1007	Ἀντιγόνη	0.08623942597536012
1007	Ἄγγελος	0.030504993707116766
1007	Ἐξάγγελος	0.0
1007	Ἰσμήνη	0.09417165480357
1008	Αἵμων	0.0
1008	Εὐρυδίκη	0.0
1008	Κρέων	0.0
1008	Τειρεσίας	0.5873712505420023
1008	Φύλαξ	0.0
1008	Χορός	0.0
1008	Ἀντιγόνη	0.05488971241768843
1008	Ἄγγελος	0.0
1008	Ἐξάγγελος	0.0
1008	Ἰσμήνη	0.0
1009	Αἵμων	0.0
1009	Εὐρυδίκη	0.0
1009	Κρέων	0.0
1009	Τειρεσίας	0.375
1009	Φύλαξ	0.0
1009	Χορός	0.0
1009	Ἀντιγόνη	0.0
1009	Ἄγγελος	0.0
1009	Ἐξάγγελος	0.0
1009	Ἰσμήνη	0.0
1010	Αἵμων	0.0
1010	Εὐρυδίκη	0.0
1010	Κρέων	0.0
1010	Τειρεσίας	0.375
1010	Φύλαξ	0.0
1010	Χορός	0.0
1010	Ἀντιγόνη	0.0
1010	Ἄγγελος	0.0
1010	Ἐξάγγελος	0.0
1010	Ἰσμήνη	0.0
1011	Αἵμων	0.0
1011	Εὐρυδίκη	0.0
1011	Κρέων	0.0
1011	Τειρεσίας	0.4
1011	Φύλαξ	0.0
1011	Χορός	0.0
1011	Ἀντιγόνη	0.0
1011	Ἄγγελος	0.0
1011	Ἐξάγγελος	0.0
1011	Ἰσμήνη	0.0
1012	Αἵμων	0.15125787886405256
1012	Εὐρυδίκη	0.0
1012	Κρέων	0.11559675536131758
1012	Τειρεσίας	0.28136087843045066
1012	Φύλαξ	0.028466172096330348
1012	Χορός	0.05336348005298868
1012	Ἀντιγόνη	0.024999999999999998
1012	Ἄγγελος	0.019382002601611284
1012	Ἐξάγγελος	0.06375175252488256
1012	Ἰσμήνη	0.022184874961635632
1013	Αἵμων	0.08737125054200233
1013	Εὐρυδίκη	0.0
1013	Κρέων	0.0
1013	Τειρεσίας	0.4623712505420023
1013	Φύλαξ	0.0
1013	Χορός	0.0
1013	Ἀντιγόνη	0.0
1013	Ἄγγελος	0.0
1013	Ἐξάγγελος	0.0
1013	Ἰσμήνη	0.0
1014	Αἵμων	0.14562579091449454
1014	Εὐρυδίκη	0.013073568731621469
1014	Κρέων	0.24640495081650354
1014	Τειρεσίας	0.22952204718273508
1014	Φύλαξ	0.1842292283198573
1014	Χορός	0.09597616036154408
1014	Ἀντιγόνη	0.25692834611655163
1014	Ἄγγελος	0.08574891559649758
1014	Ἐξάγγελος	0.01307356873162147
1014	Ἰσμήνη	0.12186606455746231
1015	Αἵμων	0.08344988409196069
1015	Εὐρυδίκη	0.0
1015	Κρέων	0.22412957646792014
1015	Τειρεσίας	0.2950946339341127
1015	Φύλαξ	0.0635461988014109
1015	Χορός	0.08490241431196559
1015	Ἀντιγόνη	0.13859569611226272
1015	Ἄγγελος	0.04519043699772697
1015	Ἐξάγγελος	0.0
1015	Ἰσμήνη	0.07533165988761412
1016	Αἵμων	0.03813124213389595
1016	Εὐρυδίκη	0.015252496853558381
1016	Κρέων	0.12615140439554437
1016	Τειρεσίας	0.48091155302870486
1016	Φύλαξ	0.05455347425118541
1016	Χορός	0.06390168303351991
1016	Ἀντιγόνη	0.04551525259810674
1016	Ἄγγελος	0.10019186670862044
1016	Ἐξάγγελος	0.0076262484267791905
1016	Ἰσμήνη	0.02287874528033757
1017	Αἵμων	0.0998528577622884
1017	Εὐρυδίκη	0.0065367843658107345
1017	Κρέων	0.051707354963374676
1017	Τειρεσίας	0.3345196439863929
1017	Φύλαξ	0.029685004226153465
1017	Χορός	0.015873673960416976
1017	Ἀντιγόνη	0.06889105890416965
1017	Ἄγγελος	0.009805176548716103
1017	Ἐξάγγελος	0.006536784365810735
1017	Ἰσμήνη	0.0032683921829053672
1018	Αἵμων	0.0
1018	Εὐρυδίκη	0.0
1018	Κρέων	0.015917600346881507
1018	Τειρεσίας	0.3096910013008056
1018	Φύλαξ	0.0
1018	Χορός	0.014233086048165177
1018	Ἀντιγόνη	0.06891176993415075
1018	Ἄγγελος	0.0
1018	Ἐξάγγελος	0.0
1018	Ἰσμήνη	0.0
1019	Αἵμων	0.04194436634728555
1019	Εὐρυδίκη	0.0076262484267791905
1019	Κρέων	0.09424040932754597
1019	Τειρεσίας	0.41872228917895427
1019	Φύλαξ	0.0272767371255927
1019	Χορός	0.028226947315493273
1019	Ἀντιγόνη	0.11520187142938675
1019	Ἄγγελος	0.019065621066947976
1019	Ἐξάγγελος	0.0
1019	Ἰσμήνη	0.034318117920506354
1020	Αἵμων	0.06381132296843423
1020	Εὐρυδίκη	0.0
1020	Κρέων	0.11812684954387156
1020	Τειρεσίας	0.5010127347273587
1020	Φύλαξ	0.03641274016566017
1020	Χορός	0.11375204759664084
1020	Ἀντιγόνη	0.10801064942108045
1020	Ἄγγελος	0.025816993330957196
1020	Ἐξάγγελος	0.0
1020	Ἰσμήνη	0.0
1021	Αἵμων	0.015490195998574317
1021	Εὐρυδίκη	0.0
1021	Κρέων	0.049568627195437816
1021	Τειρεσίας	0.33555614105321613
1021	Φύλαξ	0.07064570862205422
1021	Χορός	0.04848424832693168
1021	Ἀντιγόνη	0.009731489458842378
1021	Ἄγγελος	0.05228787452803376
1021	Ἐξάγγελος	0.0
1021	Ἰσμήνη	0.015490195998574314
1022	Αἵμων	0.0
1022	Εὐρυδίκη	0.0
1022	Κρέων	0.020915149811213504
1022	Τειρεσίας	0.35228787452803373
1022	Φύλαξ	0.0
1022	Χορός	0.0187017590896852
1022	Ἀντιγόνη	0.0
1022	Ἄγγελος	0.0
1022	Ἐξάγγελος	0.0
1022	Ἰσμήνη	0.0
1023	Αἵμων	0.18180854060198512
1023	Εὐρυδίκη	0.0076262484267791905
1023	Κρέων	0.20200700452931683
1023	Τειρεσίας	0.2931825014007221
1023	Φύλαξ	0.0840814538581357
1023	Χορός	0.08916274102085309
1023	Ἀντιγόνη	0.1478074326434511
1023	Ἄγγελος	0.12720468291788037
1023	Ἐξάγγελος	0.0
1023	Ἰσμήνη	0.0860080233723392
1024	Αἵμων	0.10795597369998836
1024	Εὐρυδίκη	0.033443241757736386
1024	Κρέων	0.17818814205271322
1024	Τειρεσίας	0.20039148279280297
1024	Φύλαξ	0.1359821972972923
1024	Χορός	0.08803779653895072
1024	Ἀντιγόνη	0.1155605298326138
1024	Ἄγγελος	0.015252496853558383
1024	Ἐξάγγελος	0.0
1024	Ἰσμήνη	0.04943370227764581
1025	Αἵμων	0.07998285007164485
1025	Εὐρυδίκη	0.0065367843658107345
1025	Κρέων	0.20186870305181584
1025	Τειρεσίας	0.17353901300046484
1025	Φύλαξ	0.11666367757296207
1025	Χορός	0.06386175414118901
1025	Ἀντιγόνη	0.18114392722518027
1025	Ἄγγελος	0.0880260644669716
1025	Ἐξάγγελος	0.01307356873162147
1025	Ἰσμήνη	0.07695454742108182
1026	Αἵμων	0.05812033100030933
1026	Εὐρυδίκη	0.01615166883467607
1026	Κρέων	0.11756312180818335
1026	Τειρεσίας	0.22710764810487785
1026	Φύλαξ	0.07041454602132469
1026	Χορός	0.06350056942982372
1026	Ἀντιγόνη	0.03954929881172907
1026	Ἄγγελος	0.03872548999643579
1026	Ἐξάγγελος	0.0
1026	Ἰσμήνη	0.020984331082816627
1027	Αἵμων	0.030102999566398118
1027	Εὐρυδίκη	0.0
1027	Κρέων	0.03612359947967774
1027	Τειρεσίας	0.4301029995663981
1027	Φύλαξ	0.0430676558073393
1027	Χορός	0.08230074185550448
1027	Ἀντιγόνη	0.037823539868301496
1027	Ἄγγελος	0.0
1027	Ἐξάγγελος	0.0
1027	Ἰσμήνη	0.0
1028	Αἵμων	0.06863623584101272
1028	Εὐρυδίκη	0.0
1028	Κρέων	0.04804536508870891
1028	Τειρεσίας	0.4379165495209284
1028	Φύλαξ	0.040915105688389054
1028	Χορός	0.028640573981872346
1028	Ἀντιγόνη	0.08264611655972012
1028	Ἄγγελος	0.011439372640168786
1028	Ἐξάγγελος	0.011439372640168788
1028	Ἰσμήνη	0.028598431600421963
1029	Αἵμων	0.07628531017213908
1029	Εὐρυδίκη	0.0076262484267791905
1029	Κρέων	0.05163632955760338
1029	Τειρεσίας	0.21741655787624847
1029	Φύλαξ	0.031583225149187724
1029	Χορός	0.0313764118159982
1029	Ἀντιγόνη	0.11233659593826816
1029	Ἄγγελος	0.011439372640168786
1029	Ἐξάγγελος	0.05017166594399686
1029	Ἰσμήνη	0.07686353543772402
1030	Αἵμων	0.06995714905145543
1030	Εὐρυδίκη	0.0
1030	Κρέων	0.12736744566773128
1030	Τειρεσίας	0.2711342869531483
1030	Φύλαξ	0.019806697693316274
1030	Χορός	0.04704090702162616
1030	Ἀντιγόνη	0.10140752194595838
1030	Ἄγγελος	0.02768857514515898
1030	Ἐξάγγελος	0.04300428509485445
1030	Ἰσμήνη	0.12607001053033134
1031	Αἵμων	0.22180099849224594
1031	Εὐρυδίκη	0.005719686320084393
1031	Κρέων	0.24054451143700883
1031	Τειρεσίας	0.30477068898999043
1031	Φύλαξ	0.06137265853258358
1031	Χορός	0.09435819381721874
1031	Ἀντιγόνη	0.09135694391363013
1031	Ἄγγελος	0.0776665536985884
1031	Ἐξάγγελος	0.01715905896025318
1031	Ἰσμήνη	0.05104350793157082
1032	Αἵμων	0.1511112394543617
1032	Εὐρυδίκη	0.015252496853558381
1032	Κρέων	0.24119615459003657
1032	Τειρεσίας	0.2536616590340163
1032	Φύλαξ	0.08017570471126183
1032	Χορός	0.06879720877427226
1032	Ἀντιγόνη	0.15638062209063
1032	Ἄγγελος	0.05648999866023288
1032	Ἐξάγγελος	0.0
1032	Ἰσμήνη	0.03992958609613132
1048	Αἵμων	0.03872508453864874
1048	Εὐρυδίκη	0.0
1048	Κρέων	0.19001702584864114
1048	Τειρεσίας	0.2479817044143545
1048	Φύλαξ	0.10568240046695071
1048	Χορός	0.06561391019663534
1048	Ἀντιγόνη	0.0932077458103948
1048	Ἄγγελος	0.11430302922682022
1048	Ἐξάγγελος	0.0352024201581562
1048	Ἰσμήνη	0.031934027975250835
1048	Αἵμων	0.0
1048	Εὐρυδίκη	0.0
1048	Κρέων	0.07958800173440753
1048	Τειρεσίας	0.1989700043360188
1048	Φύλαξ	0.569323441926607
1048	Χορός	0.14233086048165178
1048	Ἀντιγόνη	0.0
1048	Ἄγγελος	0.0
1048	Ἐξάγγελος	0.0
1048	Ἰσμήνη	0.0
1050	Αἵμων	0.21391296742621804
1050	Εὐρυδίκη	0.0
1050	Κρέων	0.04832881222565251
1050	Τειρεσίας	0.27355312426617584
1050	Φύλαξ	0.0
1050	Χορός	0.06454575528441947
1050	Ἀντιγόνη	0.0
1050	Ἄγγελος	0.02773109370204455
1050	Ἐξάγγελος	0.0
1050	Ἰσμήνη	0.09309093686208675
1052	Αἵμων	0.0900221177967454
1052	Εὐρυδίκη	0.0
1052	Κρέων	0.13984200969049565
1052	Τειρεσίας	0.27214582588562475
1052	Φύλαξ	0.07550337258951734
1052	Χορός	0.06584695881644763
1052	Ἀντιγόνη	0.16158922637661427
1052	Ἄγγελος	0.017833437946091445
1052	Ἐξάγγελος	0.005719686320084394
1052	Ἰσμήνη	0.060321843177341086
1054	Αἵμων	0.0882465889384449
1054	Εὐρυδίκη	0.019610353097432205
1054	Κρέων	0.13743444147456463
1054	Τειρεσίας	0.17453025631289615
1054	Φύλαξ	0.07347691948628063
1054	Χορός	0.0854101724471276
1054	Ἀντιγόνη	0.10266598330400016
1054	Ἄγγελος	0.02614713746324294
1054	Ἐξάγγελος	0.0
1054	Ἰσμήνη	0.05457142379695991
1056	Αἵμων	0.055590826679115204
1056	Εὐρυδίκη	0.0
1056	Κρέων	0.15301628465340442
1056	Τειρεσίας	0.27432598946946996
1056	Φύλαξ	0.07512319913436737
1056	Χορός	0.09820805360845339
1056	Ἀντιγόνη	0.09463631479046226
1056	Ἄγγελος	0.10752146423821463
1056	Ἐξάγγελος	0.015252496853558381
1056	Ἰσμήνη	0.12116792457004423
1058	Αἵμων	0.07941945135910401
1058	Εὐρυδίκη	0.011439372640168786
1058	Κρέων	0.318949035048531
1058	Τειρεσίας	0.2652546401803973
1058	Φύλαξ	0.16660585731956387
1058	Χορός	0.12969656195548868
1058	Ἀντιγόνη	0.21334072385082817
1058	Ἄγγελος	0.09647582594704301
1058	Ἐξάγγελος	0.03080211763838668
1058	Ἰσμήνη	0.08558482357609329
1060	Αἵμων	0.07846957195945277
1060	Εὐρυδίκη	0.0076262484267791905
1060	Κρέων	0.15514027877904416
1060	Τειρεσίας	0.3055908266791152
1060	Φύλαξ	0.08730188704502981
1060	Χορός	0.05514423219508034
1060	Ἀντιγόνη	0.11665491775040016
1060	Ἄγγελος	0.019065621066947976
1060	Ἐξάγγελος	0.0076262484267791905
1060	Ἰσμήνη	0.026691869493727167
1062	Αἵμων	0.05984348586387356
1062	Εὐρυδίκη	0.005084165617852794
1062	Κρέων	0.070681294938576
1062	Τειρεσίας	0.14072859451108047
1062	Φύλαξ	0.06533358410199991
1062	Χορός	0.07397955689429613
1062	Ἀντιγόνη	0.13989190474756977
1062	Ἄγγελος	0.028942326915063578
1062	Ἐξάγγελος	0.0
1062	Ἰσμήνη	0.03852740737558917
1064	Αἵμων	0.1648470501990524
1064	Εὐρυδίκη	0.005719686320084393
1064	Κρέων	0.22391932375395407
1064	Τειρεσίας	0.23700289348285553
1064	Φύλαξ	0.12341266902311117
1064	Χορός	0.0757596459321268
1064	Ἀντιγόνη	0.20767039697742135
1064	Ἄγγελος	0.03917046634221333
1064	Ἐξάγγελος	0.025082431318302286
1064	Ἰσμήνη	0.06941911123083672
1065	Αἵμων	0.0320302433924726
1065	Εὐρυδίκη	0.0
1065	Κρέων	0.05124838942795616
1065	Τειρεσίας	0.3626727461475413
1065	Φύλαξ	0.08927850146085349
1065	Χορός	0.034368688778246816
1065	Ἀντιγόνη	0.07840754032429478
1065	Ἄγγελος	0.04118174150460763
1065	Ἐξάγγελος	0.01830299622427006
1065	Ἰσμήνη	0.013727247168202542
1066	Αἵμων	0.07153252272857648
1066	Εὐρυδίκη	0.0
1066	Κρέων	0.14094815654237683
1066	Τειρεσίας	0.23976296669271166
1066	Φύλαξ	0.0881832093373556
1066	Χορός	0.11190760901487518
1066	Ἀντιγόνη	0.16172234338094263
1066	Ἄγγελος	0.08288162082852031
1066	Ἐξάγγελος	0.005719686320084394
1066	Ἰσμήνη	0.08769823507383306
1067	Αἵμων	0.0
1067	Εὐρυδίκη	0.0
1067	Κρέων	0.026621849953962766
1067	Τειρεσίας	0.3744727494896694
1067	Φύλαξ	0.06914289873077187
1067	Χορός	0.0
1067	Ἀντιγόνη	0.1214474824658375
1067	Ἄγγελος	0.04436974992327127
1067	Ἐξάγγελος	0.04436974992327128
1067	Ἰσμήνη	0.0
1068	Αἵμων	0.037755860610117244
1068	Εὐρυδίκη	0.0653598431600422
1068	Κρέων	0.11923159751434752
1068	Τειρεσίας	0.1994036732852075
1068	Φύλαξ	0.08150704616032006
1068	Χορός	0.0617044410397993
1068	Ἀντιγόνη	0.14876654485914295
1068	Ἄγγελος	0.0645060175292544
1068	Ἐξάγγελος	0.03566687589218289
1068	Ἰσμήνη	0.04811781701110907
1069	Αἵμων	0.05545240487365459
1069	Εὐρυδίκη	0.0
1069	Κρέων	0.13274120529044073
1069	Τειρεσίας	0.22346544188160905
1069	Φύλαξ	0.08770174326900117
1069	Χορός	0.07746190177506772
1069	Ἀντιγόνη	0.14006524243976487
1069	Ἄγγελος	0.07091338471148675
1069	Ἐξάγγελος	0.019610353097432205
1069	Ἰσμήνη	0.029800889066627312
1070	Αἵμων	0.03973006150561285
1070	Εὐρυδίκη	0.0
1070	Κρέων	0.08318311663148174
1070	Τειρεσίας	0.21842216480635565
1070	Φύλαξ	0.02284363261452566
1070	Χορός	0.09133464242237473
1070	Ἀντιγόνη	0.11280238623865181
1070	Ἄγγελος	0.03847081234106158
1070	Ἐξάγγελος	0.01307356873162147
1070	Ἰσμήνη	0.02803892691323796
1071	Αἵμων	0.0
1071	Εὐρυδίκη	0.0
1071	Κρέων	0.0
1071	Τειρεσίας	0.5277310937020445
1071	Φύλαξ	0.09350879544842598
1071	Χορός	0.0
1071	Ἀντιγόνη	0.041061367125508445
1071	Ἄγγελος	0.08737125054200234
1071	Ἐξάγγελος	0.0
1071	Ἰσμήνη	0.0
1072	Αἵμων	0.059987137553733645
1072	Εὐρυδίκη	0.0
1072	Κρέων	0.08342021357756943
1072	Τειρεσίας	0.314008744751397
1072	Φύλαξ	0.15032961522953858
1072	Χορός	0.09717168017509409
1072	Ἀντιγόνη	0.18915909555326435
1072	Ἄγγελος	0.07722964460582417
1072	Ἐξάγγελος	0.006536784365810735
1072	Ἰσμήνη	0.03018624848710632
1073	Αἵμων	0.09592235319727974
1073	Εὐρυδίκη	0.0076262484267791905
1073	Κρέων	0.22711479234297402
1073	Τειρεσίας	0.26329830038672775
1073	Φύλαξ	0.09904643013875469
1073	Χορός	0.1642094829921738
1073	Ἀντιγόνη	0.20843267238580596
1073	Ἄγγελος	0.07451273194225196
1073	Ἐξάγγελος	0.03813124213389595
1073	Ἰσμήνη	0.1189608368783834
1074	Αἵμων	0.141318745597055
1074	Εὐρυδίκη	0.0
1074	Κρέων	0.19825588525119633
1074	Τειρεσίας	0.40982656252898475
1074	Φύλαξ	0.10157311737417013
1074	Χορός	0.05463686470434996
1074	Ἀντιγόνη	0.21202100545901661
1074	Ἄγγελος	0.03566687589218289
1074	Ἐξάγγελος	0.011439372640168788
1074	Ἰσμήνη	0.10128094135646427
1075	Αἵμων	0.06541735949016296
1075	Εὐρυδίκη	0.0
1075	Κρέων	0.11348138405431586
1075	Τειρεσίας	0.2705279417848655
1075	Φύλαξ	0.05119996812998003
1075	Χορός	0.09327816650931313
1075	Ἀντιγόνη	0.1144564050507359
1075	Ἄγγελος	0.12645844603013648
1075	Ἐξάγγελος	0.015252496853558381
1075	Ἰσμήνη	0.011439372640168786
1076	Αἵμων	0.019995712517911213
1076	Εὐρυδίκη	0.0
1076	Κρέων	0.07770652569503843
1076	Τειρεσίας	0.04930097992832286
1076	Φύλαξ	0.06288953866822217
1076	Χορός	0.04727200807706513
1076	Ἀντιγόνη	0.055854553202854144
1076	Ἄγγελος	0.05295473153170723
1076	Ἐξάγγελος	0.03268392182905368
1076	Ἰσμήνη	0.02326410470081658
1077	Αἵμων	0.09691001300805643
1077	Εὐρυδίκη	0.0
1077	Κρέων	0.1589324213332125
1077	Τειρεσίας	0.2969100130080564
1077	Φύλαξ	0.05545875354128556
1077	Χορός	0.03466172096330348
1077	Ἀντιγόνη	0.2009115921730252
1077	Ἄγγελος	0.03876400520322257
1077	Ἐξάγγελος	0.0
1077	Ἰσμήνη	0.0969100130080564
1078	Αἵμων	0.11389810474547218
1078	Εὐρυδίκη	0.019610353097432205
1078	Κρέων	0.17329937019180194
1078	Τειρεσίας	0.22733971795646676
1078	Φύλαξ	0.12420397806646276
1078	Χορός	0.07478375367827693
1078	Ἀντιγόνη	0.13577348585425641
1078	Ἄγγελος	0.049025882743580516
1078	Ἐξάγγελος	0.0
1078	Ἰσμήνη	0.04902588274358051
1079	Αἵμων	0.11411414712364248
1079	Εὐρυδίκη	0.0
1079	Κρέων	0.20547374284966557
1079	Τειρεσίας	0.2637336606903404
1079	Φύλαξ	0.02772937677064278
1079	Χορός	0.05334239954214207
1079	Ἀντιγόνη	0.08274185701645126
1079	Ἄγγελος	0.1348721986001856
1079	Ἐξάγγελος	0.10457574905606751
1079	Ἰσμήνη	0.08504114322122554
1080	Αἵμων	0.10414284948659874
1080	Εὐρυδίκη	0.025816993330957196
1080	Κρέων	0.22800441488568826
1080	Τειρεσίας	0.2307527606961085
1080	Φύλαξ	0.097369677078152
1080	Χορός	0.07454876943360564
1080	Ἀντιγόνη	0.13279292200374412
1080	Ἄγγελος	0.07231244755798338
1080	Ἐξάγγελος	0.015252496853558381
1080	Ἰσμήνη	0.024347869305647377
1081	Αἵμων	0.10634862575211065
1081	Εὐρυδίκη	0.0
1081	Κρέων	0.03366550031619002
1081	Τειρεσίας	0.3239577516576788
1081	Φύλαξ	0.028466172096330348
1081	Χορός	0.00793484513785037
1081	Ἀντιγόνη	0.0
1081	Ἄγγελος	0.022184874961635636
1081	Ἐξάγγελος	0.0
1081	Ἰσμήνη	0.022184874961635632
1082	Αἵμων	0.05537715029031794
1082	Εὐρυδίκη	0.0
1082	Κρέων	0.02215086011612718
1082	Τειρεσίας	0.23505214564458354
1082	Φύλαξ	0.03466172096330348
1082	Χορός	0.02723420932830988
1082	Ἀντιγόνη	0.04348735761320892
1082	Ἄγγελος	0.01384428757257949
1082	Ἐξάγγελος	0.013844287572579488
1082	Ἰσμήνη	0.020766431358869228
1083	Αἵμων	0.04647058799572294
1083	Εὐρυδίκη	0.0
1083	Κρέων	0.13011764638802426
1083	Τειρεσίας	0.5093087644207708
1083	Φύλαξ	0.0943229205902451
1083	Χορός	0.06648438088536766
1083	Ἀντιγόνη	0.058388936753054274
1083	Ἄγγελος	0.061960783994297275
1083	Ἐξάγγελος	0.0
1083	Ἰσμήνη	0.015490195998574314
1084	Αἵμων	0.07084332353267357
1084	Εὐρυδίκη	0.0
1084	Κρέων	0.15855957730394177
1084	Τειρεσίας	0.30002020076462355
1084	Φύλαξ	0.04522159371198408
1084	Χορός	0.030954621028052548
1084	Ἀντιγόνη	0.11252388598493905
1084	Ἄγγελος	0.007626248426779191
1084	Ἐξάγγελος	0.0076262484267791905
1084	Ἰσμήνη	0.019065621066947976
1085	Αἵμων	0.0653598431600422
1085	Εὐρυδίκη	0.0
1085	Κρέων	0.09832881222565253
1085	Τειρεσίας	0.43618187372417344
1085	Φύλαξ	0.0
1085	Χορός	0.0
1085	Ἀντιγόνη	0.0
1085	Ἄγγελος	0.18046218740408912
1085	Ἐξάγγελος	0.0
1085	Ἰσμήνη	0.049742501084004694
1086	Αἵμων	0.08770185690796069
1086	Εὐρυδίκη	0.0076262484267791905
1086	Κρέων	0.07321198489708024
1086	Τειρεσίας	0.3110099874142335
1086	Φύλαξ	0.0545534742511854
1086	Χορός	0.035459758263270524
1086	Ἀντιγόνη	0.10779928246920015
1086	Ἄγγελος	0.026691869493727167
1086	Ἐξάγγελος	0.0076262484267791905
1086	Ἰσμήνη	0.053383738987454334
1087	Αἵμων	0.06160943540164532
1087	Εὐρυδίκη	0.010767779223117379
1087	Κρέων	0.16668043847908745
1087	Τειρεσίας	0.2885303397313304
1087	Φύλαξ	0.047494081730204266
1087	Χορός	0.1017408206560107
1087	Ἀντιγόνη	0.0994898802735055
1087	Ἄγγελος	0.10221221809734837
1087	Ἐξάγγελος	0.07023583259579105
1087	Ἰσμήνη	0.04665666254179283
1088	Αἵμων	0.18019423085886357
1088	Εὐρυδίκη	0.0
1088	Κρέων	0.21321914872298864
1088	Τειρεσίας	0.3156194100660629
1088	Φύλαξ	0.07737444161572497
1088	Χορός	0.06323905593338502
1088	Ἀντιγόνη	0.11822888330939393
1088	Ἄγγελος	0.1420236163778348
1088	Ἐξάγγελος	0.0
1088	Ἰσμήνη	0.0484550065040282
1089	Αἵμων	0.025085832971998432
1089	Εὐρυδίκη	0.0
1089	Κρέων	0.09736062513174583
1089	Τειρεσίας	0.268487395801363
1089	Φύλαξ	0.0
1089	Χορός	0.017944856586391382
1089	Ἀντιγόνη	0.043134053028797914
1089	Ἄγγελος	0.0
1089	Ἐξάγγελος	0.0
1089	Ἰσμήνη	0.0
1090	Αἵμων	0.027491667871116333
1090	Εὐρυδίκη	0.0
1090	Κρέων	0.1092068034928501
1090	Τειρεσίας	0.14007515071933502
1090	Φύλαξ	0.03582906709820794
1090	Χορός	0.06204518470757579
1090	Ἀντιγόνη	0.062193161846591606
1090	Ἄγγελος	0.03609733231476874
1090	Ἐξάγγελος	0.010767779223117379
1090	Ἰσμήνη	0.11641022114865272
